customer_id,age,job,marital,education,default,balance,home_loan,personal_loan,contact
10001,52,self-employed,divorced,secondary,no,1291,yes,no,cellular
10002,31,self-employed,single,tertiary,no,1657,yes,yes,cellular
10003,34,technician,single,secondary,no,5731,yes,no,cellular
10004,56,technician,divorced,secondary,no,1480,yes,yes,cellular
10005,41,admin.,single,secondary,no,0,no,no,telephone
10006,27,admin.,married,tertiary,no,73,no,no,cellular
10007,60,retired,married,tertiary,no,3461,no,no,cellular
10008,27,admin.,single,secondary,no,276,yes,no,unknown
10009,40,technician,married,secondary,no,42,no,no,cellular
10010,28,admin.,single,secondary,no,352,yes,yes,cellular
10011,41,entrepreneur,married,secondary,no,353,no,no,cellular
10012,42,services,married,secondary,no,1301,yes,no,cellular
10013,31,self-employed,married,tertiary,no,414,no,no,cellular
10014,27,management,single,tertiary,no,390,no,no,cellular
10015,30,blue-collar,married,secondary,no,167,yes,no,cellular
10016,77,retired,divorced,secondary,no,0,no,no,cellular
10017,25,blue-collar,single,primary,no,292,yes,yes,cellular
10018,42,entrepreneur,married,tertiary,no,233,no,no,cellular
10019,53,retired,married,tertiary,no,2269,no,no,cellular
10020,26,blue-collar,married,secondary,no,245,yes,no,unknown
10021,46,management,married,tertiary,no,1600,yes,yes,cellular
10022,33,technician,divorced,secondary,no,370,yes,no,cellular
10023,42,admin.,single,secondary,no,1451,yes,no,cellular
10024,56,admin.,married,secondary,no,292,yes,no,unknown
10025,28,unemployed,married,primary,no,7459,yes,no,cellular
10026,44,admin.,married,secondary,no,262,yes,no,cellular
10027,54,technician,married,secondary,no,719,yes,no,cellular
10028,33,services,single,secondary,no,152,yes,no,cellular
10029,36,technician,single,tertiary,no,268,no,no,cellular
10030,57,retired,married,secondary,no,1044,no,no,telephone
10031,51,retired,divorced,secondary,no,1679,no,no,cellular
10032,35,management,divorced,tertiary,no,146,no,no,cellular
10033,38,technician,single,secondary,no,1711,no,no,cellular
10034,57,management,married,tertiary,no,256,no,no,cellular
10035,38,technician,married,tertiary,no,3234,no,no,cellular
10036,59,retired,divorced,unknown,no,-49,yes,no,unknown
10037,71,retired,divorced,secondary,no,4380,no,no,cellular
10038,47,blue-collar,married,secondary,no,182,yes,no,telephone
10039,53,housemaid,married,primary,no,1903,no,no,unknown
10040,59,admin.,married,primary,no,879,yes,no,cellular
10041,34,management,single,tertiary,no,171,yes,no,cellular
10042,45,technician,married,secondary,no,1831,no,no,cellular
10043,29,self-employed,single,secondary,no,970,yes,no,cellular
10044,34,admin.,married,secondary,no,124,yes,no,telephone
10045,26,services,single,tertiary,no,1140,yes,no,cellular
10046,50,admin.,divorced,secondary,no,237,no,yes,telephone
10047,54,management,married,secondary,no,2895,yes,no,cellular
10048,53,blue-collar,married,secondary,no,1653,no,no,unknown
10049,30,blue-collar,single,secondary,no,799,no,no,unknown
10050,45,entrepreneur,married,tertiary,no,219,yes,yes,cellular
10051,50,housemaid,married,tertiary,no,5260,yes,no,cellular
10052,49,retired,married,unknown,no,247,no,no,unknown
10053,40,unemployed,divorced,secondary,no,262,yes,no,unknown
10054,39,technician,married,tertiary,no,437,no,no,telephone
10055,43,unemployed,single,primary,no,698,yes,no,unknown
10056,30,management,single,tertiary,no,398,no,no,cellular
10057,41,technician,single,tertiary,no,145,no,no,cellular
10058,57,retired,married,primary,no,1623,yes,yes,cellular
10059,36,management,married,tertiary,no,-633,yes,no,cellular
10060,32,technician,single,secondary,no,562,yes,no,unknown
10061,18,student,single,secondary,no,5,no,no,cellular
10062,33,services,married,secondary,no,386,no,no,cellular
10063,46,self-employed,married,primary,no,3262,no,no,cellular
10064,35,services,married,secondary,no,0,no,no,unknown
10065,53,admin.,divorced,secondary,no,-372,yes,no,unknown
10066,70,retired,married,tertiary,no,44,no,no,cellular
10067,30,management,single,tertiary,no,8535,no,no,cellular
10068,36,unemployed,married,secondary,no,-35,no,no,cellular
10069,57,retired,married,tertiary,no,0,yes,yes,unknown
10070,71,retired,married,secondary,no,1696,no,no,cellular
10071,32,blue-collar,married,secondary,no,333,yes,no,cellular
10072,28,admin.,married,secondary,no,170,yes,yes,unknown
10073,54,technician,married,secondary,no,473,no,yes,cellular
10074,50,services,married,secondary,no,320,no,no,telephone
10075,27,management,single,tertiary,yes,0,no,yes,cellular
10076,47,technician,married,secondary,no,1167,yes,no,cellular
10077,59,technician,married,secondary,no,1,no,no,cellular
10078,30,management,married,tertiary,no,4328,no,no,cellular
10079,35,management,married,tertiary,no,4943,yes,no,cellular
10080,35,student,single,secondary,no,188,yes,no,cellular
10081,34,management,single,tertiary,no,275,no,no,cellular
10082,39,technician,single,tertiary,no,393,no,no,cellular
10083,36,management,divorced,tertiary,no,649,no,no,cellular
10084,37,management,married,tertiary,no,26,no,no,cellular
10085,48,admin.,married,primary,no,3644,yes,yes,telephone
10086,54,entrepreneur,married,secondary,no,0,no,no,unknown
10087,49,technician,married,secondary,no,-142,yes,yes,cellular
10088,43,management,divorced,tertiary,no,1,yes,yes,unknown
10089,35,self-employed,divorced,tertiary,no,1354,yes,no,unknown
10090,47,admin.,single,secondary,no,3957,yes,no,telephone
10091,39,blue-collar,married,secondary,no,1382,yes,no,cellular
10092,33,technician,married,tertiary,no,1699,no,no,cellular
10093,56,unemployed,divorced,primary,no,1770,no,no,cellular
10094,24,management,single,tertiary,no,1,no,no,cellular
10095,60,admin.,married,tertiary,no,1614,no,no,cellular
10096,51,blue-collar,married,primary,no,4497,yes,no,unknown
10097,47,technician,married,secondary,no,1571,yes,no,cellular
10098,42,blue-collar,married,primary,no,807,yes,no,cellular
10099,31,technician,single,secondary,no,1222,yes,no,cellular
10100,67,management,married,tertiary,no,405,no,no,cellular
10101,38,blue-collar,married,primary,no,668,no,no,unknown
10102,46,services,divorced,secondary,no,0,no,no,unknown
10103,58,retired,married,primary,no,1241,no,no,cellular
10104,34,management,married,tertiary,no,417,yes,no,cellular
10105,35,management,single,tertiary,no,2486,yes,no,cellular
10106,28,technician,single,tertiary,no,0,yes,no,cellular
10107,37,blue-collar,married,primary,no,3517,yes,no,unknown
10108,34,housemaid,married,primary,no,2929,no,no,cellular
10109,39,blue-collar,married,secondary,no,94,yes,yes,cellular
10110,28,admin.,single,secondary,no,261,yes,yes,cellular
10111,43,services,divorced,secondary,no,1040,yes,no,unknown
10112,40,management,divorced,tertiary,no,858,no,no,cellular
10113,93,retired,married,unknown,no,775,no,no,cellular
10114,33,student,married,secondary,no,1536,no,no,cellular
10115,30,unemployed,married,tertiary,no,330,no,no,cellular
10116,51,technician,married,secondary,no,2682,no,no,unknown
10117,23,student,single,secondary,no,431,no,no,cellular
10118,31,blue-collar,married,primary,no,-454,yes,yes,unknown
10119,58,services,married,primary,no,943,yes,no,unknown
10120,29,technician,married,secondary,no,-910,yes,no,cellular
10121,34,blue-collar,married,secondary,no,577,no,no,unknown
10122,31,self-employed,single,secondary,no,203,no,yes,cellular
10123,47,retired,married,primary,no,1374,no,yes,telephone
10124,39,technician,married,secondary,no,1587,yes,no,cellular
10125,30,blue-collar,married,secondary,no,128,yes,no,unknown
10126,55,admin.,married,secondary,no,602,no,no,cellular
10127,57,retired,married,secondary,no,5313,no,no,cellular
10128,40,services,married,secondary,no,0,yes,no,cellular
10129,34,management,married,tertiary,no,2374,yes,yes,cellular
10130,59,management,married,tertiary,no,1783,no,yes,cellular
10131,44,unemployed,married,secondary,no,0,yes,no,cellular
10132,50,technician,married,secondary,no,3370,no,no,cellular
10133,34,admin.,married,secondary,no,-33,yes,yes,cellular
10134,31,management,married,tertiary,no,1331,no,no,unknown
10135,41,self-employed,married,secondary,no,305,yes,no,cellular
10136,56,retired,married,secondary,no,4577,no,no,cellular
10137,53,retired,married,tertiary,no,7132,no,no,cellular
10138,33,management,married,tertiary,no,307,no,no,unknown
10139,51,blue-collar,married,primary,no,0,no,no,cellular
10140,57,services,married,primary,no,1728,yes,no,telephone
10141,45,blue-collar,married,secondary,no,105,yes,yes,unknown
10142,43,management,single,secondary,no,109,yes,no,unknown
10143,50,management,married,tertiary,no,346,no,no,cellular
10144,55,management,married,primary,no,621,no,yes,cellular
10145,26,technician,single,secondary,no,33,no,no,cellular
10146,41,blue-collar,married,secondary,no,580,yes,no,cellular
10147,28,management,single,tertiary,no,390,no,no,cellular
10148,29,management,single,tertiary,no,502,no,no,cellular
10149,60,retired,divorced,secondary,no,496,yes,no,cellular
10150,28,unknown,single,unknown,no,326,no,no,cellular
10151,44,admin.,divorced,secondary,no,397,yes,yes,cellular
10152,47,management,married,tertiary,no,2351,no,no,cellular
10153,37,admin.,single,tertiary,no,1000,yes,no,cellular
10154,29,admin.,married,secondary,no,0,yes,no,unknown
10155,27,management,single,tertiary,no,1840,no,no,cellular
10156,58,retired,married,secondary,no,1230,no,no,cellular
10157,59,self-employed,married,tertiary,no,2013,no,no,cellular
10158,46,management,married,secondary,no,0,no,no,cellular
10159,52,technician,married,secondary,no,-38,no,no,unknown
10160,41,blue-collar,married,primary,no,3140,yes,no,unknown
10161,40,blue-collar,single,secondary,no,1066,yes,no,unknown
10162,35,unemployed,married,secondary,no,1,yes,no,cellular
10163,46,technician,married,tertiary,no,841,yes,no,unknown
10164,31,technician,single,secondary,no,138,no,no,cellular
10165,47,technician,married,secondary,no,834,no,yes,cellular
10166,53,housemaid,married,primary,no,362,no,no,cellular
10167,35,technician,single,secondary,no,399,yes,no,cellular
10168,45,blue-collar,married,secondary,no,28,no,yes,cellular
10169,31,self-employed,single,tertiary,no,144,yes,no,unknown
10170,58,unemployed,married,secondary,no,18,no,no,cellular
10171,42,management,married,tertiary,no,2816,no,no,cellular
10172,43,unemployed,divorced,secondary,no,1854,no,no,cellular
10173,47,self-employed,married,primary,no,574,yes,no,cellular
10174,56,housemaid,married,primary,no,445,no,no,cellular
10175,31,services,married,secondary,no,0,yes,no,cellular
10176,35,blue-collar,married,secondary,no,67,no,no,unknown
10177,56,management,married,tertiary,no,6798,yes,no,cellular
10178,28,entrepreneur,single,secondary,no,1734,yes,no,unknown
10179,50,technician,married,tertiary,no,247,no,no,unknown
10180,51,technician,married,secondary,no,1327,no,no,cellular
10181,53,technician,married,tertiary,no,9001,no,no,cellular
10182,22,student,single,secondary,no,2162,no,no,telephone
10183,59,retired,divorced,secondary,no,1,no,no,cellular
10184,45,unemployed,divorced,secondary,no,-44,yes,no,cellular
10185,26,blue-collar,single,secondary,no,277,no,no,unknown
10186,40,unemployed,single,tertiary,no,7968,no,no,cellular
10187,67,management,married,tertiary,no,405,no,no,cellular
10188,75,retired,married,tertiary,no,6027,no,no,cellular
10189,45,management,married,tertiary,no,623,no,no,cellular
10190,40,services,married,secondary,no,1836,yes,no,cellular
10191,46,blue-collar,married,secondary,no,2603,yes,yes,cellular
10192,36,blue-collar,married,primary,no,403,yes,no,unknown
10193,65,management,divorced,tertiary,no,90,yes,no,cellular
10194,50,management,married,tertiary,no,2050,no,no,cellular
10195,50,technician,married,secondary,no,892,yes,yes,unknown
10196,28,management,single,tertiary,no,437,no,no,cellular
10197,34,services,single,secondary,no,2,yes,no,cellular
10198,73,retired,married,primary,no,542,no,no,cellular
10199,53,admin.,divorced,secondary,no,223,yes,yes,cellular
10200,32,management,married,tertiary,no,8929,no,no,cellular
10201,57,self-employed,married,secondary,no,11494,no,no,cellular
10202,39,admin.,married,secondary,no,732,no,no,cellular
10203,48,entrepreneur,married,secondary,no,0,no,yes,cellular
10204,27,blue-collar,single,secondary,no,513,yes,yes,cellular
10205,54,admin.,married,primary,no,0,no,no,cellular
10206,35,technician,married,tertiary,no,1354,no,no,cellular
10207,33,blue-collar,married,primary,no,925,no,no,cellular
10208,39,management,married,tertiary,no,0,yes,yes,cellular
10209,53,technician,married,secondary,no,480,no,no,unknown
10210,57,admin.,married,primary,no,1694,yes,no,telephone
10211,36,technician,married,secondary,no,84,yes,no,unknown
10212,29,admin.,single,secondary,no,1277,no,no,cellular
10213,32,management,married,secondary,no,134,yes,yes,cellular
10214,57,admin.,divorced,secondary,no,0,no,no,cellular
10215,29,self-employed,single,tertiary,no,3290,no,no,cellular
10216,36,blue-collar,single,secondary,no,478,yes,no,cellular
10217,42,blue-collar,married,primary,no,1461,yes,no,cellular
10218,32,housemaid,married,primary,no,51,yes,no,cellular
10219,32,blue-collar,married,secondary,no,897,yes,no,cellular
10220,28,blue-collar,single,secondary,no,455,yes,no,cellular
10221,49,blue-collar,married,secondary,no,3309,yes,no,cellular
10222,49,entrepreneur,married,primary,no,6188,no,no,cellular
10223,35,admin.,married,secondary,no,-87,yes,no,unknown
10224,43,services,married,secondary,no,43,yes,no,cellular
10225,65,retired,married,primary,no,493,no,no,cellular
10226,49,entrepreneur,married,secondary,no,89,yes,no,cellular
10227,35,blue-collar,married,tertiary,no,5271,yes,no,cellular
10228,36,blue-collar,married,secondary,no,222,yes,no,unknown
10229,46,management,single,tertiary,no,0,no,no,cellular
10230,27,student,single,secondary,no,213,no,no,cellular
10231,50,housemaid,married,primary,no,5296,no,no,cellular
10232,22,student,single,secondary,no,948,no,no,telephone
10233,31,management,single,tertiary,no,825,yes,no,unknown
10234,31,blue-collar,single,secondary,no,23,no,no,cellular
10235,34,technician,divorced,secondary,no,-276,yes,no,unknown
10236,29,management,married,tertiary,no,0,yes,yes,cellular
10237,27,blue-collar,single,primary,no,3955,yes,no,unknown
10238,37,management,divorced,tertiary,no,1170,yes,yes,cellular
10239,42,management,single,tertiary,no,0,yes,yes,unknown
10240,45,services,married,secondary,no,561,yes,no,unknown
10241,50,management,married,tertiary,no,19,no,yes,cellular
10242,56,technician,married,secondary,no,23,no,no,cellular
10243,58,management,married,tertiary,no,96,no,no,cellular
10244,37,technician,married,tertiary,no,127,yes,no,cellular
10245,27,services,single,secondary,no,1928,no,yes,cellular
10246,37,blue-collar,married,secondary,no,342,yes,no,cellular
10247,33,technician,married,secondary,no,183,no,no,cellular
10248,35,management,married,tertiary,no,8000,no,no,cellular
10249,21,student,single,tertiary,no,1258,no,no,cellular
10250,31,technician,single,secondary,no,137,no,no,cellular
10251,31,blue-collar,married,primary,no,55,yes,yes,cellular
10252,53,management,married,tertiary,no,3754,no,no,cellular
10253,39,management,married,tertiary,no,0,no,no,cellular
10254,27,technician,married,tertiary,no,276,no,no,unknown
10255,45,blue-collar,married,primary,no,4696,no,no,unknown
10256,43,blue-collar,married,primary,no,2952,no,no,cellular
10257,32,blue-collar,married,secondary,no,4996,yes,no,unknown
10258,28,blue-collar,married,primary,no,115,yes,no,unknown
10259,36,admin.,married,tertiary,no,3221,no,no,cellular
10260,49,management,married,tertiary,no,234,no,no,cellular
10261,58,retired,married,primary,no,565,no,no,telephone
10262,42,services,single,tertiary,no,94,yes,no,cellular
10263,48,blue-collar,married,secondary,no,3776,no,no,telephone
10264,42,management,divorced,tertiary,no,0,no,no,unknown
10265,48,technician,divorced,secondary,no,-154,no,no,unknown
10266,44,entrepreneur,married,tertiary,no,1631,yes,no,cellular
10267,69,retired,married,secondary,no,0,no,no,cellular
10268,30,entrepreneur,married,secondary,no,2551,yes,no,unknown
10269,46,blue-collar,divorced,primary,no,916,yes,no,cellular
10270,27,management,single,tertiary,yes,-713,yes,no,unknown
10271,58,retired,married,secondary,no,5435,yes,no,unknown
10272,69,retired,married,primary,no,2398,no,no,cellular
10273,60,self-employed,married,secondary,no,0,no,no,unknown
10274,55,blue-collar,single,primary,no,1187,yes,no,unknown
10275,80,retired,married,secondary,no,8304,no,no,telephone
10276,38,technician,married,secondary,no,565,no,no,cellular
10277,34,technician,married,tertiary,no,1539,yes,no,cellular
10278,35,blue-collar,married,primary,no,994,yes,no,unknown
10279,37,blue-collar,divorced,secondary,no,811,yes,yes,cellular
10280,30,blue-collar,single,primary,no,185,no,no,unknown
10281,39,blue-collar,single,primary,no,581,yes,no,cellular
10282,54,management,divorced,tertiary,no,-449,yes,no,cellular
10283,31,management,married,tertiary,no,607,no,no,cellular
10284,23,blue-collar,single,secondary,no,537,yes,no,cellular
10285,59,admin.,married,secondary,no,4196,no,no,telephone
10286,39,management,married,tertiary,no,839,no,yes,cellular
10287,52,management,married,tertiary,no,0,no,no,cellular
10288,37,admin.,single,secondary,no,4803,no,no,cellular
10289,46,management,divorced,tertiary,no,0,no,yes,cellular
10290,44,unemployed,married,primary,no,97,yes,no,unknown
10291,31,management,married,tertiary,no,50,no,no,cellular
10292,32,admin.,single,tertiary,no,272,yes,no,cellular
10293,64,retired,married,primary,no,2140,no,no,cellular
10294,35,blue-collar,single,secondary,no,487,yes,no,unknown
10295,25,self-employed,married,tertiary,no,1182,yes,no,unknown
10296,34,services,single,secondary,no,4062,yes,yes,cellular
10297,38,technician,divorced,secondary,no,1221,yes,yes,cellular
10298,76,retired,divorced,primary,no,2693,no,no,cellular
10299,39,blue-collar,married,secondary,no,1307,yes,no,telephone
10300,52,management,married,tertiary,no,193,no,no,cellular
10301,43,blue-collar,married,primary,no,3064,yes,no,cellular
10302,36,management,single,tertiary,no,5958,yes,no,cellular
10303,26,technician,single,tertiary,no,15161,no,no,cellular
10304,40,retired,married,tertiary,no,794,no,no,unknown
10305,29,services,single,secondary,no,84,no,yes,unknown
10306,43,technician,divorced,secondary,no,1612,no,no,cellular
10307,33,blue-collar,married,tertiary,no,6138,yes,no,unknown
10308,40,management,married,tertiary,no,294,yes,no,cellular
10309,40,admin.,married,secondary,no,1535,yes,no,unknown
10310,43,admin.,married,secondary,no,378,no,no,cellular
10311,51,management,single,secondary,no,1610,yes,no,unknown
10312,36,management,married,primary,no,3953,yes,no,cellular
10313,39,technician,married,secondary,no,2266,no,no,cellular
10314,46,unemployed,married,secondary,no,16397,no,no,cellular
10315,62,retired,married,secondary,no,1495,no,no,cellular
10316,38,management,single,tertiary,no,623,no,no,cellular
10317,28,unemployed,married,tertiary,no,482,no,no,cellular
10318,36,management,single,tertiary,no,62,yes,no,cellular
10319,36,technician,married,tertiary,no,4388,no,no,cellular
10320,55,technician,divorced,secondary,no,3450,no,no,cellular
10321,33,admin.,single,secondary,no,241,no,no,cellular
10322,30,management,single,tertiary,no,565,yes,no,cellular
10323,33,blue-collar,married,secondary,no,0,yes,yes,cellular
10324,36,technician,married,secondary,no,1345,yes,no,unknown
10325,45,management,single,tertiary,no,16,no,no,cellular
10326,36,management,married,tertiary,no,255,no,no,cellular
10327,49,housemaid,married,primary,no,889,no,no,telephone
10328,56,services,married,primary,no,486,no,yes,telephone
10329,43,admin.,single,tertiary,no,664,yes,no,cellular
10330,38,entrepreneur,married,tertiary,no,678,no,yes,cellular
10331,53,unemployed,married,secondary,no,582,yes,no,unknown
10332,34,admin.,single,tertiary,no,625,no,yes,unknown
10333,34,blue-collar,divorced,secondary,no,0,yes,no,cellular
10334,34,management,single,tertiary,no,404,yes,no,cellular
10335,32,blue-collar,married,primary,no,0,yes,yes,cellular
10336,31,services,married,secondary,no,-327,yes,no,unknown
10337,32,management,married,tertiary,no,128,yes,no,cellular
10338,58,retired,single,primary,no,999,no,no,cellular
10339,36,blue-collar,married,primary,no,973,yes,yes,unknown
10340,49,technician,single,secondary,no,1377,no,no,cellular
10341,60,unemployed,married,primary,no,0,no,no,cellular
10342,59,retired,married,primary,no,1634,yes,yes,cellular
10343,70,retired,married,primary,no,2346,no,no,cellular
10344,37,blue-collar,married,primary,no,-106,yes,yes,cellular
10345,32,technician,married,secondary,no,963,no,no,cellular
10346,28,services,married,secondary,no,4,yes,no,unknown
10347,25,management,single,tertiary,no,1602,yes,no,cellular
10348,40,services,single,secondary,no,316,no,no,unknown
10349,32,technician,married,tertiary,no,3850,yes,no,cellular
10350,36,management,married,secondary,no,1989,no,no,unknown
10351,34,management,married,tertiary,no,3031,no,no,cellular
10352,53,blue-collar,married,secondary,no,1093,yes,yes,unknown
10353,46,admin.,single,secondary,no,272,no,no,cellular
10354,31,management,single,tertiary,no,1858,no,no,cellular
10355,43,entrepreneur,single,tertiary,no,42,no,no,cellular
10356,46,technician,married,secondary,no,3,yes,yes,cellular
10357,45,admin.,married,secondary,no,205,no,no,cellular
10358,29,self-employed,single,tertiary,no,162,no,yes,cellular
10359,46,technician,married,secondary,no,1167,yes,no,cellular
10360,53,technician,married,secondary,no,4930,no,yes,cellular
10361,76,retired,married,primary,no,163,no,no,telephone
10362,36,technician,married,tertiary,no,376,no,no,cellular
10363,31,management,single,tertiary,no,2983,yes,no,cellular
10364,55,admin.,married,secondary,no,8304,no,no,cellular
10365,53,unknown,married,primary,no,732,no,no,cellular
10366,31,admin.,married,secondary,no,89,no,no,unknown
10367,37,management,married,secondary,no,565,no,no,cellular
10368,38,blue-collar,divorced,secondary,no,2998,yes,no,unknown
10369,37,blue-collar,married,secondary,no,125,no,no,unknown
10370,36,management,single,tertiary,no,1089,yes,no,unknown
10371,29,unemployed,single,primary,no,1374,no,no,cellular
10372,47,technician,married,secondary,no,293,no,no,cellular
10373,41,blue-collar,married,primary,no,449,yes,no,cellular
10374,39,blue-collar,divorced,primary,yes,-294,yes,no,unknown
10375,35,admin.,single,secondary,no,-32,no,yes,cellular
10376,34,management,single,tertiary,no,5,no,no,cellular
10377,33,blue-collar,married,secondary,no,-267,yes,no,cellular
10378,36,unemployed,married,tertiary,no,154,no,no,cellular
10379,58,entrepreneur,married,secondary,no,2,no,no,unknown
10380,26,services,single,secondary,no,209,yes,no,cellular
10381,58,technician,married,secondary,no,99,no,no,telephone
10382,32,self-employed,married,secondary,no,409,no,no,cellular
10383,53,blue-collar,married,secondary,no,0,yes,no,cellular
10384,50,management,married,tertiary,no,101,yes,no,unknown
10385,47,admin.,married,tertiary,no,12276,no,no,unknown
10386,33,technician,married,tertiary,no,5641,no,no,cellular
10387,35,management,married,unknown,no,1128,yes,no,unknown
10388,24,admin.,single,tertiary,no,1141,yes,no,unknown
10389,33,blue-collar,married,secondary,no,58,no,no,unknown
10390,44,unemployed,married,secondary,no,0,no,no,cellular
10391,52,self-employed,married,secondary,no,517,no,no,cellular
10392,58,retired,married,primary,no,5092,no,no,unknown
10393,27,services,single,secondary,no,453,no,no,cellular
10394,58,management,married,tertiary,no,287,yes,no,cellular
10395,53,services,divorced,primary,no,-291,yes,yes,unknown
10396,58,admin.,married,secondary,no,1813,yes,no,telephone
10397,37,services,married,secondary,no,1543,yes,no,cellular
10398,44,admin.,divorced,tertiary,no,558,yes,no,cellular
10399,33,services,divorced,secondary,no,2411,yes,no,cellular
10400,57,technician,married,primary,no,3376,yes,no,telephone
10401,38,services,single,secondary,no,0,yes,no,unknown
10402,42,entrepreneur,married,secondary,no,324,yes,no,cellular
10403,49,technician,divorced,tertiary,no,1807,yes,no,cellular
10404,49,admin.,single,secondary,no,7426,no,no,telephone
10405,31,management,married,tertiary,no,0,yes,no,cellular
10406,34,technician,married,tertiary,no,178,yes,no,cellular
10407,38,management,married,tertiary,no,3436,no,no,cellular
10408,27,management,single,tertiary,no,1137,yes,no,cellular
10409,35,student,married,tertiary,no,387,yes,no,cellular
10410,35,technician,married,secondary,no,-180,no,yes,cellular
10411,29,blue-collar,married,secondary,no,15,no,no,cellular
10412,38,blue-collar,married,secondary,no,-40,yes,no,unknown
10413,41,housemaid,married,secondary,no,879,no,no,unknown
10414,52,management,married,secondary,no,0,yes,yes,unknown
10415,42,blue-collar,single,primary,no,156,yes,no,telephone
10416,36,blue-collar,married,primary,no,1177,no,no,cellular
10417,55,self-employed,married,secondary,no,12159,yes,no,cellular
10418,34,services,married,secondary,no,-451,yes,yes,cellular
10419,59,admin.,married,secondary,no,0,yes,no,cellular
10420,64,management,married,tertiary,no,3951,no,no,cellular
10421,34,blue-collar,married,secondary,no,-257,yes,no,cellular
10422,34,self-employed,married,tertiary,no,7602,no,no,cellular
10423,47,services,married,secondary,no,405,no,yes,cellular
10424,42,management,married,tertiary,no,0,no,no,cellular
10425,34,technician,married,tertiary,no,3743,yes,no,cellular
10426,44,blue-collar,married,primary,no,2,no,yes,telephone
10427,27,services,single,secondary,no,223,yes,yes,cellular
10428,41,technician,single,secondary,no,769,no,yes,cellular
10429,37,admin.,married,secondary,no,0,yes,no,cellular
10430,50,management,married,tertiary,no,1396,no,no,cellular
10431,32,management,single,tertiary,no,1966,no,no,cellular
10432,33,technician,single,tertiary,no,154,no,no,cellular
10433,55,retired,married,tertiary,no,357,yes,no,cellular
10434,34,management,married,tertiary,no,703,yes,no,cellular
10435,52,management,married,tertiary,no,1319,yes,no,cellular
10436,42,management,married,tertiary,no,72,yes,no,cellular
10437,26,services,married,secondary,no,77,yes,no,cellular
10438,41,entrepreneur,married,secondary,no,187,no,yes,cellular
10439,41,services,divorced,tertiary,no,1583,yes,no,cellular
10440,31,management,single,tertiary,no,296,no,yes,cellular
10441,33,management,single,tertiary,no,383,yes,no,cellular
10442,38,admin.,divorced,secondary,no,407,yes,yes,cellular
10443,37,blue-collar,married,primary,no,0,yes,no,unknown
10444,72,self-employed,married,tertiary,no,132,no,no,cellular
10445,34,technician,single,secondary,no,664,yes,yes,cellular
10446,75,retired,married,secondary,no,291,no,no,cellular
10447,38,admin.,married,secondary,no,0,yes,no,telephone
10448,50,blue-collar,married,primary,no,-37,yes,no,unknown
10449,43,admin.,single,secondary,no,1707,yes,no,cellular
10450,32,management,married,tertiary,no,607,yes,no,unknown
10451,39,blue-collar,married,primary,no,766,yes,no,unknown
10452,46,admin.,divorced,secondary,no,-637,yes,no,cellular
10453,26,management,single,tertiary,no,1623,no,no,cellular
10454,53,management,married,tertiary,no,261,no,no,cellular
10455,45,self-employed,married,secondary,no,7,no,no,cellular
10456,34,blue-collar,married,secondary,no,800,no,no,cellular
10457,53,technician,married,tertiary,no,2557,no,no,cellular
10458,50,entrepreneur,married,primary,no,237,yes,yes,unknown
10459,34,unemployed,married,secondary,no,428,yes,no,cellular
10460,60,retired,divorced,secondary,no,4243,no,no,cellular
10461,28,services,single,secondary,no,5090,yes,no,unknown
10462,50,blue-collar,married,secondary,no,3558,no,no,cellular
10463,60,blue-collar,married,unknown,no,2090,yes,no,cellular
10464,30,admin.,single,secondary,no,3528,no,no,cellular
10465,26,admin.,married,secondary,no,710,yes,yes,unknown
10466,60,retired,married,primary,no,894,yes,no,unknown
10467,37,services,divorced,secondary,no,239,yes,no,unknown
10468,36,services,married,secondary,no,4721,no,no,cellular
10469,32,management,divorced,tertiary,no,787,yes,no,cellular
10470,63,retired,married,unknown,no,2193,no,no,telephone
10471,59,retired,divorced,secondary,no,1026,no,no,unknown
10472,30,student,single,tertiary,no,7529,no,no,cellular
10473,53,management,married,primary,no,13901,yes,no,cellular
10474,32,technician,single,secondary,no,12,no,no,cellular
10475,53,blue-collar,married,primary,no,1388,no,no,cellular
10476,46,unemployed,divorced,secondary,no,0,no,no,cellular
10477,40,self-employed,married,secondary,no,311,yes,no,unknown
10478,30,admin.,married,tertiary,no,26,yes,no,cellular
10479,82,housemaid,divorced,primary,no,1381,no,no,cellular
10480,43,unemployed,married,tertiary,no,0,no,no,cellular
10481,50,technician,divorced,secondary,no,396,no,no,unknown
10482,26,services,married,secondary,no,-379,yes,yes,cellular
10483,53,management,married,tertiary,no,12,no,no,cellular
10484,21,student,single,secondary,no,2488,no,no,cellular
10485,68,retired,divorced,secondary,no,4189,no,no,telephone
10486,32,services,married,secondary,no,-344,no,yes,cellular
10487,32,services,single,secondary,no,310,yes,no,unknown
10488,43,services,married,secondary,no,-236,yes,no,cellular
10489,59,housemaid,married,primary,no,100,no,no,cellular
10490,60,admin.,divorced,secondary,no,683,no,no,cellular
10491,42,technician,married,secondary,no,1812,yes,no,cellular
10492,35,management,married,tertiary,no,611,no,no,cellular
10493,36,entrepreneur,divorced,tertiary,no,3407,no,no,cellular
10494,52,entrepreneur,divorced,secondary,no,7,no,no,cellular
10495,57,housemaid,divorced,primary,no,8278,no,no,cellular
10496,53,blue-collar,married,secondary,no,1103,yes,yes,cellular
10497,52,housemaid,married,primary,no,10943,no,no,cellular
10498,61,retired,married,secondary,no,2801,yes,yes,cellular
10499,56,retired,married,primary,no,63,no,no,cellular
10500,35,management,single,tertiary,no,304,yes,no,cellular
10501,31,management,single,tertiary,no,515,no,no,cellular
10502,49,technician,married,unknown,no,-287,yes,no,unknown
10503,40,technician,married,secondary,no,40,yes,no,cellular
10504,47,management,married,tertiary,no,288,no,no,cellular
10505,51,technician,married,secondary,no,196,yes,yes,cellular
10506,42,admin.,single,secondary,no,1143,yes,yes,telephone
10507,29,admin.,single,secondary,no,-498,yes,no,cellular
10508,53,unknown,married,unknown,no,549,no,no,telephone
10509,54,management,divorced,tertiary,no,487,yes,no,unknown
10510,32,services,single,unknown,no,2378,no,no,cellular
10511,23,technician,single,secondary,no,4,yes,no,cellular
10512,33,technician,married,secondary,no,3071,yes,yes,cellular
10513,53,technician,divorced,unknown,no,629,yes,no,cellular
10514,29,management,single,tertiary,no,428,no,no,cellular
10515,31,blue-collar,married,secondary,no,2910,yes,no,unknown
10516,42,management,married,tertiary,no,2665,yes,no,cellular
10517,40,blue-collar,married,secondary,no,5060,no,no,unknown
10518,44,self-employed,married,tertiary,no,1196,no,no,cellular
10519,55,retired,married,secondary,no,2312,no,no,unknown
10520,36,technician,single,secondary,yes,-487,yes,no,cellular
10521,66,retired,married,primary,no,206,no,no,cellular
10522,32,self-employed,married,primary,no,102,yes,no,cellular
10523,54,retired,divorced,secondary,no,2761,no,no,cellular
10524,45,technician,married,secondary,no,3492,yes,yes,unknown
10525,41,technician,single,unknown,no,5372,yes,no,cellular
10526,31,blue-collar,married,secondary,no,-720,yes,yes,unknown
10527,37,blue-collar,married,secondary,no,288,yes,no,cellular
10528,30,services,married,secondary,no,1808,yes,no,cellular
10529,34,management,married,tertiary,no,0,no,no,cellular
10530,54,entrepreneur,married,tertiary,no,84,no,no,cellular
10531,48,blue-collar,married,primary,no,3304,no,no,unknown
10532,36,management,single,unknown,no,62,no,no,cellular
10533,29,blue-collar,married,primary,no,-235,yes,no,cellular
10534,28,management,single,tertiary,no,2725,no,no,cellular
10535,36,management,married,tertiary,no,625,yes,no,cellular
10536,45,management,married,tertiary,no,160,no,no,cellular
10537,37,self-employed,married,secondary,yes,0,yes,no,cellular
10538,36,technician,married,tertiary,no,1109,no,no,cellular
10539,29,admin.,married,tertiary,no,238,no,no,cellular
10540,33,unemployed,married,tertiary,no,3335,no,no,cellular
10541,37,blue-collar,divorced,secondary,no,614,yes,no,unknown
10542,47,management,married,tertiary,no,4693,no,yes,cellular
10543,33,unemployed,single,tertiary,no,157,yes,no,unknown
10544,34,entrepreneur,married,tertiary,no,0,yes,no,cellular
10545,80,retired,married,primary,no,155,no,no,telephone
10546,36,entrepreneur,married,secondary,no,546,no,no,cellular
10547,52,blue-collar,married,secondary,no,955,no,yes,cellular
10548,58,retired,married,secondary,no,235,no,no,cellular
10549,32,management,single,tertiary,no,974,yes,no,unknown
10550,29,technician,married,secondary,no,2326,no,no,cellular
10551,29,self-employed,single,tertiary,no,121,yes,no,unknown
10552,29,technician,single,secondary,yes,-397,yes,no,unknown
10553,33,entrepreneur,married,secondary,no,135,yes,no,cellular
10554,38,technician,married,secondary,no,1,yes,no,cellular
10555,52,management,married,primary,no,48,no,no,unknown
10556,33,technician,married,secondary,no,0,yes,yes,cellular
10557,34,admin.,married,secondary,no,2064,yes,no,unknown
10558,28,services,single,secondary,no,159,yes,no,telephone
10559,45,housemaid,married,primary,no,317,yes,no,cellular
10560,28,management,single,secondary,no,-994,yes,yes,cellular
10561,41,technician,married,secondary,no,4004,no,no,cellular
10562,31,management,single,tertiary,no,-173,yes,no,unknown
10563,73,retired,married,unknown,no,739,no,no,cellular
10564,34,technician,married,secondary,no,4,yes,no,cellular
10565,39,admin.,divorced,secondary,no,399,yes,yes,cellular
10566,48,entrepreneur,single,tertiary,no,318,yes,no,cellular
10567,37,entrepreneur,married,tertiary,no,7944,no,no,cellular
10568,40,technician,married,primary,no,284,yes,no,cellular
10569,50,management,single,tertiary,no,297,yes,no,unknown
10570,39,entrepreneur,married,tertiary,no,942,yes,no,cellular
10571,45,entrepreneur,married,secondary,no,781,no,yes,cellular
10572,31,blue-collar,married,secondary,no,557,yes,yes,unknown
10573,38,technician,married,tertiary,no,127,yes,no,cellular
10574,27,technician,single,tertiary,no,2781,yes,no,cellular
10575,57,services,divorced,primary,no,1367,no,no,unknown
10576,31,blue-collar,married,secondary,no,369,yes,yes,unknown
10577,60,blue-collar,married,primary,no,5,no,no,cellular
10578,42,management,divorced,secondary,no,-272,no,no,cellular
10579,56,unemployed,married,secondary,no,660,yes,no,unknown
10580,51,management,married,tertiary,no,4,yes,no,cellular
10581,56,self-employed,married,secondary,no,784,no,yes,cellular
10582,63,retired,divorced,primary,no,109,no,no,cellular
10583,39,management,married,tertiary,no,562,no,no,cellular
10584,55,management,divorced,tertiary,no,608,yes,no,cellular
10585,42,blue-collar,married,primary,no,1673,yes,no,cellular
10586,40,entrepreneur,single,secondary,no,5,no,yes,cellular
10587,35,technician,married,secondary,no,1368,no,no,cellular
10588,31,management,married,tertiary,no,4148,yes,no,cellular
10589,31,unemployed,single,secondary,no,1214,no,no,cellular
10590,43,services,married,secondary,no,774,no,no,cellular
10591,38,admin.,married,secondary,no,326,yes,no,cellular
10592,38,services,married,secondary,no,2669,yes,no,cellular
10593,74,retired,married,tertiary,no,4912,no,no,telephone
10594,36,management,married,tertiary,no,535,no,no,cellular
10595,32,management,married,tertiary,no,-383,yes,no,unknown
10596,23,student,single,secondary,no,794,no,no,cellular
10597,65,retired,married,secondary,no,23421,no,no,cellular
10598,30,blue-collar,single,secondary,no,971,yes,no,cellular
10599,40,technician,single,tertiary,no,1646,yes,no,cellular
10600,77,retired,married,unknown,no,1807,no,no,telephone
10601,35,management,married,tertiary,no,82,no,no,cellular
10602,28,services,single,secondary,no,6332,yes,no,telephone
10603,43,technician,married,tertiary,no,2643,no,no,cellular
10604,28,student,single,secondary,no,1377,yes,no,cellular
10605,34,admin.,married,tertiary,no,69,no,yes,cellular
10606,27,services,single,secondary,no,504,yes,no,cellular
10607,32,management,single,tertiary,no,9317,no,no,cellular
10608,38,technician,married,secondary,no,0,no,no,cellular
10609,31,blue-collar,married,primary,no,-848,yes,no,unknown
10610,35,management,married,tertiary,no,3168,no,no,cellular
10611,46,admin.,married,secondary,no,368,no,no,cellular
10612,37,management,single,tertiary,no,1730,no,no,cellular
10613,29,admin.,single,secondary,no,1261,no,no,cellular
10614,49,management,single,tertiary,no,1350,yes,yes,cellular
10615,57,housemaid,divorced,primary,no,0,no,no,unknown
10616,36,services,married,secondary,no,4721,no,no,cellular
10617,36,blue-collar,single,secondary,no,3623,no,no,unknown
10618,46,management,married,tertiary,yes,-337,no,yes,cellular
10619,30,technician,single,secondary,no,281,no,no,cellular
10620,37,technician,married,secondary,no,1707,yes,no,cellular
10621,76,retired,married,secondary,no,820,no,no,telephone
10622,25,admin.,single,secondary,no,654,no,no,cellular
10623,47,blue-collar,married,secondary,no,303,no,no,unknown
10624,56,management,married,secondary,no,230,no,no,unknown
10625,25,student,single,secondary,no,304,no,no,cellular
10626,66,self-employed,married,tertiary,no,147,no,no,telephone
10627,30,management,single,tertiary,no,102,yes,no,cellular
10628,33,technician,married,secondary,no,1968,yes,no,cellular
10629,25,student,single,secondary,no,679,no,no,cellular
10630,39,student,single,tertiary,no,2103,no,no,cellular
10631,46,admin.,single,secondary,no,1693,yes,no,cellular
10632,72,retired,married,secondary,no,1129,no,no,cellular
10633,35,services,married,unknown,no,618,no,no,cellular
10634,31,blue-collar,single,secondary,no,530,no,yes,cellular
10635,34,admin.,married,secondary,no,-312,yes,no,unknown
10636,39,technician,single,secondary,no,1048,yes,yes,cellular
10637,36,technician,divorced,secondary,no,1,no,no,cellular
10638,37,management,married,tertiary,no,-57,yes,no,cellular
10639,32,self-employed,married,secondary,no,67,no,no,cellular
10640,31,management,single,tertiary,no,409,no,yes,cellular
10641,49,admin.,married,secondary,no,1096,yes,no,cellular
10642,41,blue-collar,married,secondary,no,1954,no,no,cellular
10643,43,blue-collar,married,primary,no,1401,yes,no,unknown
10644,33,management,single,tertiary,no,432,no,no,telephone
10645,78,retired,divorced,secondary,no,3219,no,no,cellular
10646,72,retired,married,tertiary,no,3561,no,no,telephone
10647,43,blue-collar,married,unknown,no,245,yes,no,cellular
10648,50,technician,divorced,secondary,no,-298,yes,no,cellular
10649,26,blue-collar,single,secondary,no,-29,yes,no,cellular
10650,46,services,married,primary,no,116,yes,no,cellular
10651,40,management,married,tertiary,no,964,yes,no,telephone
10652,51,self-employed,married,secondary,no,1178,no,no,cellular
10653,34,blue-collar,married,primary,no,-1,yes,no,cellular
10654,26,technician,single,tertiary,no,192,yes,no,unknown
10655,56,housemaid,single,tertiary,no,1947,no,no,unknown
10656,47,self-employed,married,tertiary,no,192,no,no,telephone
10657,29,management,single,tertiary,no,765,no,no,cellular
10658,47,blue-collar,married,secondary,no,3630,yes,no,unknown
10659,38,management,married,tertiary,no,238,no,no,cellular
10660,46,blue-collar,divorced,secondary,no,138,no,no,cellular
10661,44,management,married,tertiary,no,4119,yes,yes,telephone
10662,48,unknown,single,unknown,no,1819,no,no,cellular
10663,30,admin.,single,secondary,no,127,yes,no,cellular
10664,28,management,single,tertiary,no,637,yes,no,cellular
10665,53,self-employed,married,secondary,no,248,no,yes,cellular
10666,49,blue-collar,married,primary,no,-232,no,yes,cellular
10667,36,technician,married,tertiary,no,4596,yes,no,cellular
10668,61,self-employed,married,tertiary,no,10861,no,no,cellular
10669,25,management,single,tertiary,no,3902,no,no,cellular
10670,27,blue-collar,single,secondary,no,317,yes,no,unknown
10671,49,admin.,divorced,secondary,no,1718,no,yes,cellular
10672,32,technician,married,secondary,no,11431,no,no,cellular
10673,27,management,single,unknown,no,3196,no,no,cellular
10674,33,blue-collar,single,unknown,no,129,yes,yes,cellular
10675,43,technician,married,secondary,no,136,no,no,cellular
10676,30,unemployed,married,secondary,no,142,yes,no,unknown
10677,59,management,divorced,tertiary,no,1304,no,no,unknown
10678,32,housemaid,married,primary,no,1349,yes,no,cellular
10679,67,retired,divorced,primary,no,1746,no,no,cellular
10680,75,self-employed,married,unknown,no,4984,no,no,telephone
10681,43,blue-collar,married,secondary,no,2160,no,no,cellular
10682,51,technician,married,secondary,no,130,no,no,cellular
10683,31,technician,single,secondary,no,1970,no,no,telephone
10684,32,entrepreneur,married,secondary,no,1996,yes,no,cellular
10685,35,self-employed,single,tertiary,no,353,no,no,cellular
10686,51,technician,married,secondary,no,564,no,yes,cellular
10687,47,management,married,primary,no,2793,yes,no,telephone
10688,51,self-employed,single,secondary,no,0,no,no,cellular
10689,52,self-employed,single,primary,no,217,no,yes,cellular
10690,29,blue-collar,married,primary,no,25,yes,no,unknown
10691,33,technician,married,secondary,no,480,yes,no,cellular
10692,41,blue-collar,married,secondary,no,2689,yes,no,cellular
10693,43,admin.,married,secondary,no,59,yes,no,cellular
10694,40,management,married,tertiary,no,24450,no,no,cellular
10695,38,services,married,secondary,no,-349,yes,no,cellular
10696,43,technician,single,secondary,no,1462,no,no,unknown
10697,39,management,single,tertiary,no,3840,yes,no,cellular
10698,34,admin.,single,secondary,no,88,yes,no,unknown
10699,29,admin.,single,secondary,no,260,yes,no,cellular
10700,25,student,single,tertiary,no,326,no,no,cellular
10701,35,management,married,tertiary,no,495,no,no,cellular
10702,58,services,married,secondary,no,688,no,no,cellular
10703,25,technician,single,secondary,no,139,no,yes,cellular
10704,46,blue-collar,married,secondary,no,536,yes,no,unknown
10705,54,management,married,tertiary,no,1624,no,no,cellular
10706,34,services,married,secondary,no,1337,no,no,cellular
10707,21,student,single,secondary,no,2488,no,no,cellular
10708,53,management,married,tertiary,no,6571,no,no,cellular
10709,39,self-employed,married,secondary,no,4722,yes,no,unknown
10710,40,blue-collar,married,secondary,no,1938,yes,no,cellular
10711,49,services,married,secondary,no,486,yes,yes,unknown
10712,26,technician,single,secondary,no,941,no,yes,cellular
10713,55,retired,married,primary,no,1821,no,no,cellular
10714,34,technician,single,secondary,no,1279,yes,no,cellular
10715,53,admin.,married,secondary,no,1796,no,no,telephone
10716,36,blue-collar,married,primary,no,409,yes,no,unknown
10717,30,technician,single,tertiary,no,0,yes,no,cellular
10718,38,entrepreneur,married,tertiary,no,0,no,no,cellular
10719,24,blue-collar,married,secondary,no,-389,yes,yes,unknown
10720,30,services,single,secondary,no,1510,yes,no,cellular
10721,31,blue-collar,divorced,secondary,no,0,yes,yes,cellular
10722,34,management,single,tertiary,no,2633,yes,no,cellular
10723,44,blue-collar,married,unknown,no,1529,yes,no,cellular
10724,36,blue-collar,married,secondary,no,418,yes,yes,cellular
10725,33,management,married,tertiary,no,1064,yes,no,cellular
10726,59,retired,divorced,primary,no,20,no,no,cellular
10727,39,unemployed,single,secondary,no,-114,yes,no,cellular
10728,36,student,single,tertiary,no,129,no,no,cellular
10729,35,technician,single,secondary,no,196,yes,no,cellular
10730,30,services,single,secondary,no,0,yes,no,cellular
10731,45,blue-collar,married,primary,no,2388,no,no,cellular
10732,41,admin.,married,secondary,no,124,yes,no,cellular
10733,39,blue-collar,married,primary,no,70,no,no,unknown
10734,45,admin.,married,secondary,no,236,no,no,cellular
10735,41,technician,married,secondary,no,-378,yes,no,cellular
10736,29,management,single,tertiary,no,224,yes,no,cellular
10737,33,management,single,tertiary,no,275,no,no,cellular
10738,43,blue-collar,married,secondary,no,1311,yes,no,unknown
10739,42,entrepreneur,married,unknown,no,206,yes,no,cellular
10740,45,technician,married,tertiary,no,377,yes,no,unknown
10741,42,management,married,tertiary,no,386,yes,no,unknown
10742,48,management,married,tertiary,no,1167,yes,yes,cellular
10743,42,blue-collar,married,secondary,no,879,yes,no,cellular
10744,34,admin.,married,tertiary,no,788,yes,no,cellular
10745,62,management,married,tertiary,no,0,no,no,cellular
10746,42,management,married,tertiary,no,478,no,yes,cellular
10747,43,management,divorced,tertiary,no,666,no,no,cellular
10748,53,blue-collar,married,primary,no,5603,no,no,cellular
10749,73,retired,married,tertiary,no,448,no,no,cellular
10750,31,self-employed,single,tertiary,no,84,no,no,cellular
10751,37,management,married,tertiary,no,255,no,no,cellular
10752,54,admin.,married,tertiary,no,184,no,no,unknown
10753,23,services,single,secondary,no,870,no,no,cellular
10754,38,services,married,secondary,no,173,yes,no,unknown
10755,28,admin.,single,secondary,no,261,yes,yes,cellular
10756,36,management,single,tertiary,no,3850,yes,no,cellular
10757,33,management,married,tertiary,no,1514,no,no,cellular
10758,31,technician,single,tertiary,no,454,no,no,cellular
10759,25,management,single,tertiary,no,490,no,no,cellular
10760,40,technician,divorced,secondary,no,275,no,no,cellular
10761,45,blue-collar,married,secondary,no,2071,no,yes,telephone
10762,40,blue-collar,married,primary,no,236,yes,no,unknown
10763,48,technician,single,secondary,no,-92,yes,no,cellular
10764,28,unemployed,single,tertiary,no,497,yes,no,cellular
10765,61,self-employed,married,tertiary,no,10861,no,no,cellular
10766,40,management,married,tertiary,no,4539,no,no,cellular
10767,33,housemaid,married,primary,no,2054,no,no,cellular
10768,42,housemaid,married,primary,no,4279,yes,no,cellular
10769,51,housemaid,married,primary,no,289,no,no,unknown
10770,58,technician,married,unknown,no,49,yes,no,unknown
10771,70,retired,married,primary,no,3782,no,no,cellular
10772,52,management,married,tertiary,no,499,no,no,cellular
10773,44,technician,married,tertiary,no,717,no,no,cellular
10774,32,admin.,married,secondary,no,35,no,no,cellular
10775,46,admin.,married,secondary,no,171,yes,yes,cellular
10776,57,housemaid,married,primary,no,260,yes,no,unknown
10777,46,management,divorced,tertiary,no,1329,no,no,cellular
10778,27,blue-collar,single,tertiary,no,567,no,no,cellular
10779,31,blue-collar,married,primary,no,0,yes,yes,unknown
10780,23,student,single,secondary,no,1234,no,no,cellular
10781,45,management,married,primary,no,4629,no,no,telephone
10782,30,blue-collar,single,secondary,no,522,no,no,cellular
10783,31,management,single,tertiary,no,5691,yes,no,cellular
10784,31,technician,single,secondary,no,433,no,no,cellular
10785,31,admin.,single,secondary,no,0,yes,no,cellular
10786,36,technician,single,secondary,no,7503,yes,no,unknown
10787,41,management,divorced,unknown,no,465,yes,no,cellular
10788,29,self-employed,married,secondary,no,123,no,yes,cellular
10789,31,services,single,secondary,no,6374,yes,no,unknown
10790,42,services,married,primary,no,473,yes,no,cellular
10791,40,blue-collar,married,secondary,no,679,yes,no,cellular
10792,37,blue-collar,married,primary,no,89,no,yes,telephone
10793,43,technician,divorced,secondary,no,6835,no,no,unknown
10794,56,housemaid,divorced,secondary,no,1866,no,yes,cellular
10795,34,technician,single,secondary,no,16,no,no,cellular
10796,42,management,single,tertiary,no,11891,no,no,cellular
10797,54,services,married,secondary,no,4482,yes,no,unknown
10798,29,management,married,tertiary,no,314,no,no,unknown
10799,45,blue-collar,divorced,secondary,no,756,yes,no,unknown
10800,32,management,divorced,tertiary,no,883,yes,no,cellular
10801,38,technician,single,tertiary,no,1101,no,no,cellular
10802,24,management,single,tertiary,no,393,no,no,cellular
10803,34,services,single,secondary,no,1239,yes,no,unknown
10804,24,student,single,secondary,no,1925,no,no,cellular
10805,44,management,married,unknown,no,282,no,no,cellular
10806,36,blue-collar,divorced,primary,no,-308,yes,no,cellular
10807,51,services,married,unknown,no,3413,no,no,cellular
10808,45,admin.,divorced,secondary,no,59,yes,no,cellular
10809,47,unknown,married,unknown,no,194,no,no,cellular
10810,51,management,married,tertiary,no,-3,no,no,cellular
10811,29,admin.,single,secondary,no,266,yes,no,cellular
10812,29,blue-collar,married,secondary,no,-565,yes,no,unknown
10813,40,entrepreneur,married,secondary,no,1238,yes,no,telephone
10814,32,management,single,secondary,no,1088,yes,no,cellular
10815,28,management,single,tertiary,no,187,no,no,cellular
10816,52,admin.,divorced,secondary,no,48,no,yes,cellular
10817,58,retired,divorced,tertiary,no,499,yes,yes,cellular
10818,26,blue-collar,single,tertiary,no,644,no,no,cellular
10819,32,services,single,secondary,no,2615,no,no,cellular
10820,34,services,single,tertiary,no,371,no,no,unknown
10821,35,blue-collar,married,secondary,no,698,yes,yes,unknown
10822,47,blue-collar,married,primary,no,113,yes,no,unknown
10823,40,management,married,tertiary,no,0,yes,no,cellular
10824,50,admin.,married,secondary,no,706,yes,no,cellular
10825,54,management,married,tertiary,no,6525,yes,no,cellular
10826,54,retired,single,secondary,no,129,no,yes,cellular
10827,48,unemployed,single,tertiary,no,3229,no,no,unknown
10828,39,technician,married,secondary,no,603,no,yes,cellular
10829,28,blue-collar,married,secondary,no,-185,yes,yes,unknown
10830,40,admin.,married,primary,no,72,yes,yes,cellular
10831,40,blue-collar,single,primary,no,1780,no,yes,unknown
10832,73,retired,married,primary,no,796,no,no,cellular
10833,33,technician,single,tertiary,no,0,yes,no,cellular
10834,40,entrepreneur,married,tertiary,no,-164,no,no,cellular
10835,53,admin.,married,secondary,no,109,no,no,telephone
10836,39,housemaid,married,primary,no,34,yes,no,cellular
10837,34,blue-collar,married,secondary,no,405,yes,no,unknown
10838,52,blue-collar,married,primary,no,66653,no,no,cellular
10839,40,housemaid,divorced,secondary,no,108,no,no,unknown
10840,42,unemployed,married,secondary,no,1289,no,no,cellular
10841,29,admin.,married,tertiary,no,167,yes,yes,cellular
10842,30,admin.,single,secondary,no,585,no,yes,cellular
10843,40,blue-collar,married,primary,no,7831,yes,no,unknown
10844,35,blue-collar,single,secondary,no,142,yes,no,cellular
10845,34,management,single,tertiary,no,0,yes,no,unknown
10846,36,management,married,tertiary,no,4,no,yes,cellular
10847,25,management,single,tertiary,no,3,yes,yes,cellular
10848,32,technician,single,tertiary,no,6281,yes,no,unknown
10849,31,management,single,tertiary,no,3384,no,no,cellular
10850,28,blue-collar,married,primary,no,-55,yes,no,unknown
10851,40,admin.,married,secondary,no,1597,yes,no,unknown
10852,41,management,married,tertiary,no,-412,yes,no,cellular
10853,25,student,single,unknown,no,722,no,no,telephone
10854,26,admin.,single,secondary,no,255,no,no,cellular
10855,22,student,single,secondary,no,64,no,no,cellular
10856,31,self-employed,single,tertiary,no,2589,no,no,cellular
10857,77,management,married,unknown,no,1780,yes,no,cellular
10858,34,technician,single,tertiary,no,2671,no,no,cellular
10859,29,technician,single,secondary,no,309,yes,no,unknown
10860,32,blue-collar,married,secondary,no,130,yes,no,cellular
10861,37,technician,single,tertiary,no,0,yes,no,cellular
10862,46,services,married,secondary,no,2948,no,no,cellular
10863,29,technician,single,tertiary,no,673,yes,no,cellular
10864,30,technician,single,secondary,no,426,yes,no,telephone
10865,42,services,married,secondary,no,115,yes,yes,cellular
10866,31,student,single,tertiary,no,4951,no,no,cellular
10867,34,admin.,married,secondary,no,48,yes,no,cellular
10868,37,technician,married,secondary,no,1824,yes,no,cellular
10869,35,unemployed,single,tertiary,no,415,no,no,cellular
10870,58,retired,married,secondary,no,35,no,no,cellular
10871,32,management,single,tertiary,no,1134,no,no,cellular
10872,33,services,single,secondary,no,772,yes,no,cellular
10873,31,admin.,single,secondary,no,19,yes,no,cellular
10874,41,services,married,tertiary,no,881,no,no,cellular
10875,28,self-employed,single,tertiary,no,442,no,no,cellular
10876,34,admin.,divorced,secondary,no,1085,no,no,cellular
10877,35,technician,married,secondary,no,4922,yes,no,cellular
10878,43,blue-collar,married,secondary,no,2160,no,no,cellular
10879,36,blue-collar,married,secondary,no,4438,yes,no,unknown
10880,36,blue-collar,married,unknown,no,722,yes,no,unknown
10881,67,retired,divorced,tertiary,no,443,no,no,cellular
10882,37,services,single,tertiary,no,223,yes,no,unknown
10883,33,management,married,tertiary,no,1778,no,no,cellular
10884,54,retired,married,secondary,no,-152,yes,yes,unknown
10885,44,management,married,tertiary,no,105,yes,no,unknown
10886,29,student,single,secondary,no,78,no,no,cellular
10887,21,student,single,unknown,no,200,no,no,unknown
10888,26,admin.,single,secondary,no,-12,yes,no,unknown
10889,55,admin.,divorced,secondary,no,1693,no,no,cellular
10890,29,admin.,single,secondary,no,306,yes,no,cellular
10891,28,self-employed,married,tertiary,no,0,yes,no,cellular
10892,29,management,single,tertiary,no,572,no,no,cellular
10893,47,technician,married,tertiary,no,2155,no,no,unknown
10894,35,management,married,tertiary,no,62,no,no,cellular
10895,44,management,married,tertiary,no,70,no,no,cellular
10896,35,management,single,tertiary,no,687,yes,no,unknown
10897,36,unemployed,divorced,primary,no,0,no,no,telephone
10898,39,admin.,married,secondary,no,0,no,no,cellular
10899,72,retired,married,primary,no,763,no,no,cellular
10900,41,admin.,married,secondary,no,-76,yes,no,cellular
10901,39,services,married,secondary,no,117,yes,no,cellular
10902,50,blue-collar,divorced,secondary,no,204,yes,yes,unknown
10903,54,technician,married,primary,no,3067,yes,no,telephone
10904,47,blue-collar,married,secondary,no,2548,yes,no,cellular
10905,35,management,single,tertiary,no,68,no,no,unknown
10906,29,student,single,secondary,no,1925,no,no,cellular
10907,32,management,single,tertiary,no,0,yes,no,cellular
10908,52,management,married,tertiary,no,6,no,no,telephone
10909,37,admin.,divorced,tertiary,no,-65,no,no,cellular
10910,31,admin.,single,secondary,no,430,yes,no,cellular
10911,30,technician,single,secondary,no,-522,yes,yes,cellular
10912,53,management,divorced,tertiary,no,50,yes,no,cellular
10913,31,management,married,tertiary,no,1032,no,no,cellular
10914,37,technician,married,secondary,no,5953,no,no,cellular
10915,33,technician,married,tertiary,no,8023,no,no,cellular
10916,49,management,married,tertiary,no,85,yes,no,cellular
10917,60,retired,divorced,tertiary,no,4,yes,no,cellular
10918,58,services,married,secondary,no,12180,no,no,unknown
10919,23,housemaid,married,tertiary,no,66,yes,no,cellular
10920,33,blue-collar,single,secondary,no,498,no,no,cellular
10921,20,student,single,unknown,no,801,no,no,cellular
10922,55,retired,married,tertiary,no,101,yes,no,cellular
10923,53,services,divorced,secondary,no,765,yes,no,cellular
10924,30,technician,single,secondary,no,925,no,no,cellular
10925,40,services,married,secondary,no,0,yes,yes,cellular
10926,34,technician,single,tertiary,no,370,no,no,cellular
10927,76,retired,married,tertiary,no,2991,no,no,cellular
10928,55,retired,married,secondary,no,0,no,no,cellular
10929,29,technician,single,secondary,no,307,yes,no,cellular
10930,31,admin.,married,secondary,no,35,no,no,cellular
10931,27,technician,single,secondary,no,2,yes,yes,cellular
10932,53,technician,married,secondary,no,65,no,no,cellular
10933,34,blue-collar,married,primary,no,3868,yes,no,cellular
10934,57,technician,married,secondary,no,458,no,yes,cellular
10935,42,blue-collar,single,secondary,no,1080,yes,yes,cellular
10936,54,technician,divorced,tertiary,no,2133,no,no,cellular
10937,29,management,single,tertiary,no,0,yes,no,unknown
10938,56,management,divorced,tertiary,no,382,no,no,cellular
10939,76,retired,married,primary,no,3324,no,no,cellular
10940,56,management,married,tertiary,no,94,no,no,cellular
10941,49,management,married,tertiary,no,561,no,no,cellular
10942,31,management,married,tertiary,no,1331,no,no,cellular
10943,41,student,single,secondary,no,1934,yes,no,cellular
10944,48,blue-collar,married,secondary,no,863,yes,no,telephone
10945,41,blue-collar,married,primary,no,143,yes,yes,unknown
10946,32,unemployed,single,secondary,no,1026,yes,no,cellular
10947,37,management,single,tertiary,no,72,yes,yes,cellular
10948,30,student,married,tertiary,no,324,no,no,cellular
10949,46,technician,married,secondary,no,363,yes,no,cellular
10950,47,services,married,secondary,no,-150,no,no,cellular
10951,31,services,single,secondary,no,181,no,no,cellular
10952,52,technician,married,tertiary,no,876,no,no,cellular
10953,39,management,single,tertiary,no,0,yes,no,cellular
10954,31,admin.,married,secondary,no,368,yes,no,cellular
10955,58,blue-collar,married,secondary,no,381,no,no,cellular
10956,37,management,married,tertiary,no,586,yes,no,cellular
10957,31,management,single,tertiary,no,0,yes,yes,cellular
10958,59,blue-collar,married,primary,no,-546,no,no,cellular
10959,37,management,single,tertiary,no,102,yes,no,cellular
10960,52,management,married,tertiary,no,1453,no,no,telephone
10961,46,blue-collar,married,primary,no,874,no,no,cellular
10962,27,technician,single,secondary,no,337,no,no,unknown
10963,34,blue-collar,married,secondary,no,640,yes,no,cellular
10964,26,technician,single,secondary,no,84,yes,no,cellular
10965,35,admin.,single,secondary,no,182,yes,no,unknown
10966,33,admin.,single,tertiary,no,272,yes,no,cellular
10967,66,retired,married,secondary,no,995,no,no,cellular
10968,25,admin.,single,secondary,no,96,yes,no,unknown
10969,57,admin.,married,secondary,no,6005,yes,no,cellular
10970,52,management,single,tertiary,no,83,no,no,cellular
10971,41,technician,single,tertiary,no,431,no,no,cellular
10972,64,retired,married,tertiary,no,1644,no,no,telephone
10973,32,blue-collar,married,secondary,yes,-53,yes,no,cellular
10974,41,technician,married,tertiary,no,0,no,no,unknown
10975,56,services,single,secondary,no,-40,yes,no,cellular
10976,41,technician,married,tertiary,no,515,no,no,cellular
10977,35,admin.,single,secondary,no,321,no,no,cellular
10978,35,management,married,tertiary,no,323,no,no,cellular
10979,29,management,single,tertiary,no,1218,no,no,cellular
10980,37,self-employed,married,tertiary,no,0,no,no,unknown
10981,28,blue-collar,single,secondary,no,3817,yes,no,cellular
10982,34,blue-collar,married,unknown,no,568,yes,no,cellular
10983,40,management,married,tertiary,no,7780,no,no,telephone
10984,52,management,married,tertiary,no,1944,yes,no,cellular
10985,32,student,single,secondary,no,14,no,no,cellular
10986,53,housemaid,divorced,secondary,no,292,no,no,unknown
10987,30,admin.,single,secondary,no,523,no,yes,cellular
10988,47,technician,married,tertiary,no,4568,no,no,unknown
10989,45,unemployed,married,primary,no,0,yes,no,cellular
10990,33,management,single,tertiary,no,312,no,no,cellular
10991,59,management,divorced,tertiary,no,81,no,no,cellular
10992,32,blue-collar,married,secondary,no,320,yes,yes,cellular
10993,58,management,divorced,tertiary,no,5701,no,no,cellular
10994,25,management,single,tertiary,no,493,yes,no,unknown
10995,50,management,single,tertiary,no,490,no,no,cellular
10996,32,technician,divorced,secondary,no,1097,yes,no,unknown
10997,32,technician,single,tertiary,no,705,no,no,cellular
10998,57,blue-collar,married,primary,no,3109,no,no,cellular
10999,53,housemaid,married,secondary,no,1182,yes,no,cellular
11000,50,management,divorced,tertiary,no,299,no,no,cellular
11001,30,self-employed,married,tertiary,no,163,yes,no,cellular
11002,33,blue-collar,married,unknown,no,2655,yes,no,cellular
11003,38,technician,married,secondary,no,318,no,no,cellular
11004,33,services,single,secondary,no,1852,no,no,telephone
11005,39,management,married,primary,no,738,yes,yes,cellular
11006,41,services,single,secondary,no,92,no,no,cellular
11007,28,technician,single,secondary,no,5763,no,yes,cellular
11008,66,retired,married,secondary,no,2326,no,yes,cellular
11009,46,technician,married,secondary,no,0,no,no,cellular
11010,46,admin.,married,secondary,no,1264,no,no,telephone
11011,29,admin.,married,secondary,no,-150,yes,no,unknown
11012,31,management,married,tertiary,no,1170,no,no,cellular
11013,47,technician,married,secondary,no,335,no,no,cellular
11014,35,management,married,tertiary,no,105,yes,no,cellular
11015,31,admin.,single,secondary,no,190,no,no,cellular
11016,32,management,married,tertiary,no,282,no,no,cellular
11017,46,admin.,divorced,secondary,no,-60,no,no,cellular
11018,27,student,single,tertiary,no,1134,no,no,cellular
11019,41,technician,married,tertiary,no,231,no,no,cellular
11020,35,technician,single,secondary,no,365,yes,no,unknown
11021,62,blue-collar,married,secondary,no,180,no,no,cellular
11022,31,technician,single,secondary,no,1282,no,no,cellular
11023,31,management,married,secondary,no,1064,no,no,telephone
11024,42,admin.,divorced,secondary,no,-249,yes,no,cellular
11025,32,management,single,tertiary,no,2,yes,no,cellular
11026,36,management,single,tertiary,no,-78,yes,no,unknown
11027,30,admin.,single,secondary,no,1309,no,no,cellular
11028,23,technician,single,secondary,no,598,no,no,cellular
11029,70,retired,married,secondary,no,1310,no,no,cellular
11030,34,management,single,tertiary,no,0,yes,yes,cellular
11031,33,blue-collar,married,secondary,no,661,yes,no,cellular
11032,28,blue-collar,married,primary,no,254,yes,no,cellular
11033,59,retired,married,secondary,no,6888,no,no,telephone
11034,45,management,married,secondary,no,446,no,no,cellular
11035,47,management,married,secondary,no,1144,no,yes,cellular
11036,31,blue-collar,married,primary,no,196,no,no,cellular
11037,33,blue-collar,single,secondary,no,329,no,no,cellular
11038,36,admin.,divorced,tertiary,no,125,yes,no,unknown
11039,39,admin.,divorced,secondary,no,83,yes,no,cellular
11040,56,management,married,tertiary,no,-45,yes,no,unknown
11041,30,technician,single,secondary,no,158,no,no,cellular
11042,39,entrepreneur,married,tertiary,yes,1,yes,yes,unknown
11043,37,admin.,married,secondary,no,96,no,no,cellular
11044,40,blue-collar,married,primary,no,46,yes,no,unknown
11045,52,services,married,secondary,no,992,yes,no,cellular
11046,83,retired,divorced,primary,no,4565,no,no,cellular
11047,46,admin.,divorced,secondary,no,3201,yes,no,telephone
11048,77,retired,married,secondary,no,4112,no,no,telephone
11049,35,services,married,secondary,no,819,yes,no,telephone
11050,57,management,married,tertiary,no,337,no,no,cellular
11051,33,services,single,secondary,no,2881,no,no,cellular
11052,37,management,married,tertiary,no,165,no,no,cellular
11053,33,entrepreneur,divorced,tertiary,no,37,no,yes,cellular
11054,45,services,married,secondary,no,0,no,no,cellular
11055,56,services,divorced,secondary,no,450,no,no,unknown
11056,79,retired,married,secondary,no,2661,no,no,cellular
11057,60,admin.,married,secondary,no,7336,no,no,cellular
11058,34,blue-collar,married,secondary,no,262,no,no,cellular
11059,40,admin.,single,secondary,no,50,no,no,cellular
11060,59,retired,married,secondary,no,1723,no,no,unknown
11061,25,entrepreneur,single,tertiary,no,347,no,no,cellular
11062,38,self-employed,married,tertiary,no,2084,yes,no,cellular
11063,59,blue-collar,married,primary,no,320,yes,no,unknown
11064,30,blue-collar,single,secondary,no,5909,yes,no,cellular
11065,53,technician,married,secondary,no,-725,yes,no,unknown
11066,54,management,married,tertiary,no,154,no,no,unknown
11067,47,technician,married,secondary,no,19,yes,no,unknown
11068,34,blue-collar,married,secondary,no,199,yes,no,unknown
11069,35,technician,married,secondary,no,249,no,no,cellular
11070,62,housemaid,married,secondary,no,2,no,no,cellular
11071,43,self-employed,single,unknown,no,3173,no,no,unknown
11072,27,student,single,unknown,no,468,no,no,cellular
11073,39,management,married,tertiary,no,-17,yes,yes,cellular
11074,38,housemaid,divorced,tertiary,no,4312,no,no,cellular
11075,52,blue-collar,married,tertiary,no,297,yes,no,unknown
11076,32,admin.,married,secondary,no,20011,no,no,cellular
11077,34,technician,married,secondary,no,563,yes,yes,cellular
11078,32,blue-collar,single,secondary,no,604,no,no,cellular
11079,43,technician,single,secondary,no,34,no,no,telephone
11080,43,blue-collar,married,secondary,no,699,yes,yes,cellular
11081,45,self-employed,married,tertiary,no,-497,yes,yes,cellular
11082,33,admin.,married,secondary,no,0,yes,no,cellular
11083,32,blue-collar,married,secondary,no,254,yes,no,cellular
11084,42,housemaid,single,secondary,no,578,no,no,telephone
11085,28,self-employed,single,tertiary,no,2503,no,no,cellular
11086,34,management,single,tertiary,no,1058,yes,no,unknown
11087,39,blue-collar,married,secondary,no,1403,no,no,cellular
11088,36,management,single,secondary,no,992,no,no,unknown
11089,51,blue-collar,married,secondary,no,-92,yes,no,unknown
11090,35,management,married,tertiary,no,750,yes,no,cellular
11091,37,management,married,secondary,no,565,no,no,cellular
11092,51,unknown,married,unknown,no,2642,no,no,cellular
11093,30,admin.,married,secondary,no,1794,no,no,cellular
11094,24,student,single,secondary,no,3176,no,no,cellular
11095,42,services,single,secondary,no,247,yes,no,cellular
11096,39,management,married,tertiary,no,494,no,no,cellular
11097,35,management,single,tertiary,no,704,no,no,cellular
11098,56,entrepreneur,married,tertiary,no,-124,yes,no,unknown
11099,35,admin.,divorced,secondary,no,1085,no,no,cellular
11100,38,management,married,tertiary,no,980,no,no,unknown
11101,50,self-employed,married,secondary,no,10052,no,no,cellular
11102,35,blue-collar,married,secondary,no,74,no,no,cellular
11103,36,admin.,married,secondary,no,110,yes,no,telephone
11104,28,management,single,tertiary,no,466,yes,no,cellular
11105,37,management,married,tertiary,no,-491,yes,no,cellular
11106,55,blue-collar,divorced,secondary,no,7378,no,no,unknown
11107,54,blue-collar,married,secondary,no,1070,no,no,cellular
11108,33,management,single,tertiary,no,5276,no,no,cellular
11109,30,management,married,tertiary,no,7,yes,no,cellular
11110,46,technician,married,secondary,no,0,no,no,cellular
11111,26,services,single,secondary,no,531,yes,yes,cellular
11112,40,blue-collar,married,secondary,no,-60,yes,no,cellular
11113,46,blue-collar,married,primary,no,143,yes,no,unknown
11114,40,technician,married,secondary,no,7313,yes,no,cellular
11115,56,management,divorced,tertiary,no,505,no,no,cellular
11116,34,management,married,secondary,no,-311,yes,no,unknown
11117,47,management,married,tertiary,no,0,no,no,unknown
11118,31,self-employed,married,tertiary,no,1134,no,no,cellular
11119,25,services,single,secondary,no,199,no,no,cellular
11120,28,blue-collar,married,secondary,no,1137,no,no,cellular
11121,35,management,divorced,tertiary,no,2885,no,no,cellular
11122,30,admin.,single,secondary,no,265,yes,no,cellular
11123,35,management,single,tertiary,no,397,yes,no,cellular
11124,68,retired,married,secondary,no,445,no,no,cellular
11125,29,technician,single,tertiary,no,2485,no,no,telephone
11126,47,admin.,married,secondary,no,663,yes,yes,cellular
11127,43,admin.,single,secondary,no,733,yes,no,cellular
11128,36,services,married,secondary,no,4721,no,no,cellular
11129,33,management,single,tertiary,no,5437,no,no,cellular
11130,50,unemployed,married,secondary,no,3674,yes,no,unknown
11131,44,self-employed,married,unknown,no,163,yes,no,cellular
11132,33,management,single,tertiary,no,561,no,no,cellular
11133,67,management,divorced,tertiary,no,361,no,no,cellular
11134,35,blue-collar,married,secondary,no,205,yes,yes,cellular
11135,28,blue-collar,married,secondary,no,948,yes,no,unknown
11136,43,admin.,married,secondary,no,132,no,no,cellular
11137,30,blue-collar,married,secondary,no,0,yes,no,unknown
11138,36,services,married,tertiary,no,0,yes,no,cellular
11139,31,student,single,secondary,no,0,no,no,cellular
11140,56,admin.,married,secondary,no,360,yes,yes,cellular
11141,47,admin.,married,secondary,no,70,yes,no,cellular
11142,51,technician,married,secondary,no,6840,no,no,telephone
11143,26,entrepreneur,single,secondary,no,101,yes,no,cellular
11144,56,blue-collar,married,primary,no,-85,yes,yes,unknown
11145,36,management,married,tertiary,no,926,no,no,cellular
11146,32,blue-collar,married,primary,no,-105,yes,yes,telephone
11147,27,management,single,tertiary,no,6791,no,no,cellular
11148,38,admin.,divorced,secondary,no,930,yes,no,cellular
11149,41,technician,married,secondary,no,862,no,no,cellular
11150,54,retired,married,primary,no,309,no,no,cellular
11151,35,admin.,single,tertiary,no,994,no,no,cellular
11152,50,housemaid,married,primary,no,4,no,no,unknown
11153,42,blue-collar,married,primary,no,784,no,no,cellular
11154,29,admin.,married,secondary,no,6429,yes,yes,cellular
11155,32,admin.,single,secondary,no,131,yes,no,cellular
11156,27,management,single,tertiary,no,151,yes,no,cellular
11157,52,services,married,secondary,no,108,yes,no,unknown
11158,47,management,married,tertiary,no,761,yes,no,cellular
11159,28,self-employed,single,tertiary,no,159,no,no,cellular
11160,35,technician,married,secondary,no,1144,no,no,cellular
11161,51,retired,married,tertiary,no,746,no,no,cellular
11162,30,management,single,tertiary,no,2,no,no,cellular
